{
  "mae": 0.9752490635938119,
  "rmse": 1.3370596135896187,
  "r2": 0.15892105776952326
}